<?xml version="1.0" encoding="utf-8"?>
<!--
  ~ Date : Mon Mar 10 20:25:18 WIB 2025
  ~ 
  ~ Copyright (C) 2020 - 2024 The Litegapps Project
  ~
-->
<!--
This XML file declares which signature|privileged permissions should be granted to privileged
applications on GMS or Google-branded devices.
It allows additional grants on top of privapp-permissions-platform.xml
-->
<permissions>
  <privapp-permissions package="com.google.android.gms">
    <permission name="android.permission.GET_ACCOUNTS"/>
    <permission name="android.permission.INTERNET"/>
    <permission name="android.permission.USE_CREDENTIALS"/>
    <permission name="android.permission.SYSTEM_ALERT_WINDOW"/>
    <permission name="android.permission.RECEIVE_BOOT_COMPLETED"/>
    <permission name="com.google.android.providers.gsf.permission.READ_GSERVICES"/>
    <permission name="android.permission.OBSERVE_GRANT_REVOKE_PERMISSIONS"/>
    <permission name="android.permission.GET_PACKAGE_SIZE"/>
    <permission name="android.permission.WRITE_EMBEDDED_SUBSCRIPTIONS"/>
    <permission name="android.permission.MANAGE_SOUND_TRIGGER"/>
    <permission name="android.permission.FOREGROUND_SERVICE"/>
    <permission name="android.permission.START_ACTIVITIES_FROM_BACKGROUND"/>
    <permission name="android.permission.QUERY_ALL_PACKAGES"/>
    <permission name="android.permission.RENOUNCE_PERMISSIONS"/>
    <permission name="android.permission.POST_NOTIFICATIONS"/>
    <permission name="android.permission.READ_SYSTEM_GRAMMATICAL_GENDER"/>
    <permission name="android.permission.SETUP_FSVERITY"/>
    <permission name="com.google.android.gms.permission.INTERNAL_BROADCAST"/>
    <permission name="com.google.android.gms.permission.INTERNAL_BROADCAST"/>
    <permission name="com.google.android.gms.DYNAMIC_RECEIVER_NOT_EXPORTED_PERMISSION"/>
    <permission name="com.google.android.gms.DYNAMIC_RECEIVER_NOT_EXPORTED_PERMISSION"/>
    <permission name="com.google.android.gms.common.internal.SHARED_PREFERENCES_PERMISSION"/>
    <permission name="com.google.android.gms.common.internal.SHARED_PREFERENCES_PERMISSION"/>
    <permission name="com.google.android.gms.permission.ACCESS_MULTIPACKAGE_COMPONENT"/>
    <permission name="com.google.android.gms.permission.ACCESS_MULTIPACKAGE_COMPONENT"/>
    <permission name="com.google.android.gms.permission.CHECKIN_NOW"/>
    <permission name="com.google.android.gms.permission.CHECKIN_NOW"/>
    <permission name="android.permission.SUBSCRIBED_FEEDS_READ"/>
    <permission name="android.permission.SUBSCRIBED_FEEDS_WRITE"/>
    <permission name="android.permission.CAPTURE_VIDEO_OUTPUT"/>
    <permission name="android.permission.CAPTURE_AUDIO_OUTPUT"/>
    <permission name="android.permission.REMOTE_DISPLAY_PROVIDER"/>
    <permission name="android.permission.KILL_BACKGROUND_PROCESSES"/>
    <permission name="android.permission.FORCE_STOP_PACKAGES"/>
    <permission name="android.permission.ACCESS_FPS_COUNTER"/>
    <permission name="android.permission.MANAGE_GAME_ACTIVITY"/>
    <permission name="android.permission.MANAGE_GAME_MODE"/>
    <permission name="com.google.android.gms.permission.AD_ID_NOTIFICATION"/>
    <permission name="com.google.android.gms.permission.AD_ID"/>
    <permission name="com.google.android.gms.permission.AD_ID"/>
    <permission name="android.permission.MODIFY_ADSERVICES_STATE"/>
    <permission name="android.permission.ACCESS_ADSERVICES_STATE"/>
    <permission name="android.permission.MODIFY_ADSERVICES_STATE_COMPAT"/>
    <permission name="android.permission.ACCESS_ADSERVICES_STATE_COMPAT"/>
    <permission name="android.permission.UPDATE_PRIVILEGED_AD_ID"/>
    <permission name="android.permission.UPDATE_PRIVILEGED_AD_ID_COMPAT"/>
    <permission name="android.permission.READ_DROPBOX_DATA"/>
    <permission name="android.permission.RECOVERY"/>
    <permission name="android.permission.VIBRATE"/>
    <permission name="android.permission.READ_DREAM_STATE"/>
    <permission name="android.permission.READ_SYNC_SETTINGS"/>
    <permission name="android.permission.RECEIVE_DATA_ACTIVITY_CHANGE"/>
    <permission name="android.permission.WRITE_SETTINGS"/>
    <permission name="android.permission.WRITE_SYNC_SETTINGS"/>
    <permission name="com.android.vending.INTENT_VENDING_ONLY"/>
    <permission name="android.permission.ACCESS_FINE_LOCATION"/>
    <permission name="android.permission.AUTHENTICATE_ACCOUNTS"/>
    <permission name="android.permission.MANAGE_ACCOUNTS"/>
    <permission name="android.permission.NFC"/>
    <permission name="android.permission.READ_EXTERNAL_STORAGE"/>
    <permission name="android.permission.READ_PHONE_STATE"/>
    <permission name="android.permission.PROVIDE_TRUST_AGENT"/>
    <permission name="android.permission.WAKE_LOCK"/>
    <permission name="android.permission.DISPATCH_PROVISIONING_MESSAGE"/>
    <permission name="android.permission.RECOVER_KEYSTORE"/>
    <permission name="android.permission.PRE_FACTORY_RESET"/>
    <permission name="android.permission.MANAGE_FACTORY_RESET_PROTECTION"/>
    <permission name="android.permission.CHECK_REMOTE_LOCKSCREEN"/>
    <permission name="android.permission.CONFIGURE_FACTORY_RESET_PROTECTION"/>
    <permission name="com.google.android.gms.auth.permission.GOOGLE_ACCOUNT_CHANGE"/>
    <permission name="com.google.android.gms.auth.permission.GOOGLE_ACCOUNT_CHANGE"/>
    <permission name="com.google.android.gms.auth.permission.POST_SIGN_IN_ACCOUNT"/>
    <permission name="com.google.android.gms.auth.permission.POST_SIGN_IN_ACCOUNT"/>
    <permission name="com.google.android.gms.auth.permission.FACE_UNLOCK"/>
    <permission name="com.google.android.gms.auth.permission.FACE_UNLOCK"/>
    <permission name="com.google.android.gms.permission.GRANT_WALLPAPER_PERMISSIONS"/>
    <permission name="com.google.android.gms.permission.GRANT_WALLPAPER_PERMISSIONS"/>
    <permission name="com.google.android.gms.trustagent.permission.TRUSTAGENT_STATE"/>
    <permission name="com.google.android.gms.trustagent.permission.TRUSTAGENT_STATE"/>
    <permission name="com.google.android.apps.enterprise.dmagent.permission.AutoSyncPermission"/>
    <permission name="com.google.android.providers.settings.permission.READ_GSETTINGS"/>
    <permission name="com.google.android.providers.settings.permission.WRITE_GSETTINGS"/>
    <permission name="android.permission.ACCESS_NETWORK_STATE"/>
    <permission name="android.permission.RECEIVE_SMS"/>
    <permission name="android.permission.READ_PRIVILEGED_PHONE_STATE"/>
    <permission name="com.google.android.gms.auth.cryptauth.permission.CABLEV2_SERVER_LINK"/>
    <permission name="com.google.android.gms.auth.cryptauth.permission.CABLEV2_SERVER_LINK"/>
    <permission name="android.permission.CREDENTIAL_MANAGER_SET_ORIGIN"/>
    <permission name="com.google.android.gms.permission.REQUEST_SCREEN_LOCK_COMPLEXITY"/>
    <permission name="com.google.android.gms.permission.REQUEST_SCREEN_LOCK_COMPLEXITY"/>
    <permission name="android.permission.SET_BIOMETRIC_DIALOG_ADVANCED"/>
    <permission name="android.permission.CONNECTIVITY_USE_RESTRICTED_NETWORKS"/>
    <permission name="android.permission.ALLOCATE_AGGRESSIVE"/>
    <permission name="android.car.permission.CAR_POWER"/>
    <permission name="com.google.android.gms.chromesync.permission.CONTENT_PROVIDER_ACCESS"/>
    <permission name="com.google.android.gms.chromesync.permission.CONTENT_PROVIDER_ACCESS"/>
    <permission name="com.google.android.gms.chromesync.permission.METADATA_UPDATED"/>
    <permission name="com.google.android.gms.chromesync.permission.METADATA_UPDATED"/>
    <permission name="com.google.android.gms.trustagent.framework.model.DATA_ACCESS"/>
    <permission name="com.google.android.gms.trustagent.framework.model.DATA_ACCESS"/>
    <permission name="com.google.android.gms.trustagent.framework.model.DATA_CHANGE_NOTIFICATION"/>
    <permission name="com.google.android.gms.trustagent.framework.model.DATA_CHANGE_NOTIFICATION"/>
    <permission name="com.google.wear.permission.READ_DISPLAY_CONFIG"/>
    <permission name="android.permission.WRITE_EXTERNAL_STORAGE"/>
    <permission name="android.permission.READ_CONTACTS"/>
    <permission name="android.permission.USE_FINGERPRINT"/>
    <permission name="android.permission.USE_BIOMETRIC"/>
    <permission name="android.permission.SEND_SMS_NO_CONFIRMATION"/>
    <permission name="com.google.android.gms.auth.api.phone.permission.SEND"/>
    <permission name="com.google.android.gms.auth.api.phone.permission.SEND"/>
    <permission name="android.permission.CAMERA"/>
    <permission name="android.permission.FLASHLIGHT"/>
    <permission name="com.google.android.wearable.WRITE_SETTINGS"/>
    <permission name="com.felicanetworks.mfc.permission.MFC_ACCESS"/>
    <permission name="com.felicanetworks.mfc.mfi.permission.MFI_ACCESS"/>
    <permission name="com.google.android.gms.permission.GOOGLE_PAY"/>
    <permission name="com.google.android.gms.permission.GOOGLE_PAY"/>
    <permission name="android.permission.PREPARE_FACTORY_RESET"/>
    <permission name="android.permission.PACKAGE_USAGE_STATS"/>
    <permission name="com.google.android.gms.permission.APPINDEXING"/>
    <permission name="com.google.android.gms.permission.APPINDEXING"/>
    <permission name="android.permission.RECEIVE_MMS"/>
    <permission name="com.google.android.finsky.permission.INSTANT_APP_STATE"/>
    <permission name="android.permission.ACCESS_BACKGROUND_LOCATION"/>
    <permission name="android.permission.ACCESS_COARSE_LOCATION"/>
    <permission name="android.permission.ACCESS_CONTEXT_HUB"/>
    <permission name="android.permission.ACCESS_LOCATION_EXTRA_COMMANDS"/>
    <permission name="android.permission.ACCESS_VIBRATOR_STATE"/>
    <permission name="android.permission.LOCATION_BYPASS"/>
    <permission name="android.permission.LOCATION_HARDWARE"/>
    <permission name="android.permission.ACCESS_WIFI_STATE"/>
    <permission name="android.permission.CHANGE_WIFI_STATE"/>
    <permission name="android.permission.GET_APP_OPS_STATS"/>
    <permission name="android.permission.TURN_SCREEN_ON"/>
    <permission name="android.permission.UPDATE_APP_OPS_STATS"/>
    <permission name="android.permission.BROADCAST_CLOSE_SYSTEM_DIALOGS"/>
    <permission name="android.permission.INSTALL_LOCATION_TIME_ZONE_PROVIDER_SERVICE"/>
    <permission name="android.permission.ACCESS_NOTIFICATION_POLICY"/>
    <permission name="android.permission.PROCESS_OUTGOING_CALLS"/>
    <permission name="android.permission.SEND_SMS"/>
    <permission name="com.google.android.gms.time.permission.SEND_TRUSTED_TIME_SIGNAL"/>
    <permission name="com.google.android.gms.time.permission.SEND_TRUSTED_TIME_SIGNAL"/>
    <permission name="android.permission.BLUETOOTH_CONNECT"/>
    <permission name="android.permission.BLUETOOTH_SCAN"/>
    <permission name="android.permission.BLUETOOTH_ADVERTISE"/>
    <permission name="android.permission.MODIFY_DEFAULT_AUDIO_EFFECTS"/>
    <permission name="android.permission.SUBSTITUTE_NOTIFICATION_APP_NAME"/>
    <permission name="android.permission.SUBSTITUTE_SHARE_TARGET_APP_NAME_AND_ICON"/>
    <permission name="android.permission.BLUETOOTH"/>
    <permission name="android.permission.BLUETOOTH_ADMIN"/>
    <permission name="android.permission.CAPTURE_AUDIO_HOTWORD"/>
    <permission name="com.google.android.googlequicksearchbox.permission.PAUSE_HOTWORD"/>
    <permission name="android.permission.MANAGE_VOICE_KEYPHRASES"/>
    <permission name="android.permission.CHANGE_WIFI_MULTICAST_STATE"/>
    <permission name="android.permission.COMPANION_APPROVE_WIFI_CONNECTIONS"/>
    <permission name="android.permission.UWB"/>
    <permission name="android.permission.MANAGE_WIFI_INTERFACES"/>
    <permission name="android.permission.MANAGE_WIFI_NETWORK_SELECTION"/>
    <permission name="android.permission.NEARBY_WIFI_DEVICES"/>
    <permission name="com.google.android.gms.permission.NEARBY_START_DISCOVERER"/>
    <permission name="com.google.android.gms.permission.NEARBY_START_DISCOVERER"/>
    <permission name="com.android.launcher.permission.INSTALL_SHORTCUT"/>
    <permission name="android.permission.USE_FULL_SCREEN_INTENT"/>
    <permission name="com.android.vending.p2p.APP_INSTALL_API"/>
    <permission name="com.sec.android.app.myfiles.permission.READ"/>
    <permission name="com.sec.android.app.myfiles.permission.WRITE"/>
    <permission name="com.sec.android.gallery3d.provider2.READ"/>
    <permission name="com.sec.android.gallery3d.provider2.WRITE"/>
    <permission name="com.google.android.gms.permission.ACCESS_NEARBY_SHARE_API"/>
    <permission name="com.google.android.gms.permission.ACCESS_NEARBY_SHARE_API"/>
    <permission name="android.permission.UWB_PRIVILEGED"/>
    <permission name="android.permission.UWB_RANGING"/>
    <permission name="com.google.android.gms.nearby.exposurenotification.EXPOSURE_CALLBACK"/>
    <permission name="com.google.android.gms.nearby.exposurenotification.EXPOSURE_CALLBACK"/>
    <permission name="com.google.android.gms.auth.cryptauth.permission.KEY_CHANGE"/>
    <permission name="com.google.android.gms.auth.cryptauth.permission.KEY_CHANGE"/>
    <permission name="com.google.android.gms.auth.proximity.permission.SMS_CONNECT_SETUP_REQUESTED"/>
    <permission name="com.google.android.gms.auth.proximity.permission.SMS_CONNECT_SETUP_REQUESTED"/>
    <permission name="com.google.pixel.exo.BIND_TO_BOOTSTRAPPING"/>
    <permission name="android.permission.REQUEST_COMPANION_PROFILE_COMPUTER"/>
    <permission name="android.permission.REQUEST_COMPANION_RUN_IN_BACKGROUND"/>
    <permission name="android.permission.REQUEST_COMPANION_SELF_MANAGED"/>
    <permission name="com.google.android.gms.magictether.permission.CLIENT_TETHERING_PREFERENCE_CHANGED"/>
    <permission name="com.google.android.gms.magictether.permission.CONNECTED_HOST_CHANGED"/>
    <permission name="com.google.android.gms.magictether.permission.DISABLE_SOFT_AP"/>
    <permission name="com.google.android.gms.magictether.permission.SCANNED_DEVICE"/>
    <permission name="android.permission.TETHER_PRIVILEGED"/>
    <permission name="com.google.android.gms.auth.authzen.permission.DEVICE_SYNC_FINISHED"/>
    <permission name="com.google.android.gms.magictether.permission.CLIENT_TETHERING_PREFERENCE_CHANGED"/>
    <permission name="com.google.android.gms.magictether.permission.CONNECTED_HOST_CHANGED"/>
    <permission name="com.google.android.gms.magictether.permission.DISABLE_SOFT_AP"/>
    <permission name="com.google.android.gms.magictether.permission.SCANNED_DEVICE"/>
    <permission name="android.permission.CONTROL_DISPLAY_SATURATION"/>
    <permission name="android.permission.SET_TIME_ZONE"/>
    <permission name="android.permission.GET_TASKS"/>
    <permission name="android.permission.REAL_GET_TASKS"/>
    <permission name="android.permission.READ_CALL_LOG"/>
    <permission name="android.permission.READ_SMS"/>
    <permission name="com.google.android.finsky.permission.BIND_GET_INSTALL_REFERRER_SERVICE"/>
    <permission name="com.google.android.gms.permission.CONTACTS_SYNC_DELEGATION"/>
    <permission name="com.google.android.gms.permission.CONTACTS_SYNC_DELEGATION"/>
    <permission name="com.google.android.gms.people.permission.contactssync.BACKUP_SYNC_STATE_UPDATE_BROADCAST"/>
    <permission name="com.google.android.gms.people.permission.contactssync.BACKUP_SYNC_STATE_UPDATE_BROADCAST"/>
    <permission name="android.permission.WRITE_CONTACTS"/>
    <permission name="android.permission.READ_PROFILE"/>
    <permission name="android.permission.WRITE_PROFILE"/>
    <permission name="com.google.android.hangouts.START_HANGOUT"/>
    <permission name="com.google.android.setupwizard.SETUP_PROGRESS_SERVICE"/>
    <permission name="android.permission.MANAGE_DEVICE_ADMINS"/>
    <permission name="android.permission.READ_OEM_UNLOCK_STATE"/>
    <permission name="com.google.android.gms.permission.SAFETY_NET"/>
    <permission name="com.google.android.gms.permission.SAFETY_NET"/>
    <permission name="android.permission.ACCESS_NETWORK_CONDITIONS"/>
    <permission name="android.permission.SCORE_NETWORKS"/>
    <permission name="android.permission.OVERRIDE_WIFI_CONFIG"/>
    <permission name="android.car.permission.CAR_POWERTRAIN"/>
    <permission name="android.car.permission.CAR_ENERGY"/>
    <permission name="android.car.permission.CAR_ENERGY_PORTS"/>
    <permission name="android.car.permission.CAR_EXTERIOR_LIGHTS"/>
    <permission name="android.car.permission.CAR_INFO"/>
    <permission name="android.car.permission.CAR_MILEAGE"/>
    <permission name="android.car.permission.CAR_TIRES"/>
    <permission name="android.car.permission.CONTROL_CAR_CLIMATE"/>
    <permission name="android.car.permission.CONTROL_CAR_DOORS"/>
    <permission name="android.car.permission.CONTROL_CAR_EXTERIOR_LIGHTS"/>
    <permission name="android.car.permission.CONTROL_CAR_MIRRORS"/>
    <permission name="android.car.permission.CONTROL_CAR_SEATS"/>
    <permission name="android.car.permission.CONTROL_CAR_WINDOWS"/>
    <permission name="android.car.permission.READ_CAR_DISPLAY_UNITS"/>
    <permission name="com.google.android.gms.vehicle.permission.SHARED_AUTO_SENSOR_DATA"/>
    <permission name="com.google.android.gms.vehicle.permission.SHARED_AUTO_SENSOR_DATA"/>
    <permission name="android.permission.MODIFY_PHONE_STATE"/>
    <permission name="android.permission.CONTROL_INCALL_EXPERIENCE"/>
    <permission name="android.permission.MANAGE_USB"/>
    <permission name="android.permission.CALL_PRIVILEGED"/>
    <permission name="android.permission.BLUETOOTH_PRIVILEGED"/>
    <permission name="android.permission.DISABLE_KEYGUARD"/>
    <permission name="android.permission.CALL_PHONE"/>
    <permission name="android.permission.CHANGE_NETWORK_STATE"/>
    <permission name="android.permission.USER_ACTIVITY"/>
    <permission name="android.permission.MODIFY_AUDIO_ROUTING"/>
    <permission name="android.permission.MODIFY_DAY_NIGHT_MODE"/>
    <permission name="com.google.android.finsky.permission.GEARHEAD_SERVICE"/>
    <permission name="com.google.android.permission.ACCESSIBILITY_SCAN_SERVICE"/>
    <permission name="android.permission.START_TASKS_FROM_RECENTS"/>
    <permission name="android.permission.MANAGE_ACTIVITY_STACKS"/>
    <permission name="android.permission.REORDER_TASKS"/>
    <permission name="android.permission.ACTIVITY_EMBEDDING"/>
    <permission name="com.google.android.gms.permission.CAR"/>
    <permission name="com.google.android.gms.carsetup.DRIVING_MODE_MANAGER"/>
    <permission name="com.google.android.gms.carsetup.DRIVING_MODE_MANAGER"/>
    <permission name="android.permission.CAPTURE_SECURE_VIDEO_OUTPUT"/>
    <permission name="android.permission.RECORD_AUDIO"/>
    <permission name="android.permission.FOREGROUND_SERVICE_MEDIA_PROJECTION"/>
    <permission name="com.google.android.finsky.permission.ACCESS_INSTANT_APP_NOTIFICATION_ENFORCEMENT"/>
    <permission name="android.permission.PROVIDE_RESOLVER_RANKER_SERVICE"/>
    <permission name="android.permission.READ_LOGS"/>
    <permission name="com.google.android.gms.googlehelp.LAUNCH_SUPPORT_SCREENSHARE"/>
    <permission name="com.google.android.gms.googlehelp.LAUNCH_SUPPORT_SCREENSHARE"/>
    <permission name="android.permission.DOWNLOAD_WITHOUT_NOTIFICATION"/>
    <permission name="com.google.android.clockwork.settings.SHOW_FACTORY_RESET_CONFIRMATION"/>
    <permission name="com.google.android.wearable.READ_SETTINGS"/>
    <permission name="com.google.android.wearable.permission.URI_REDIRECT_TO_REMOTE"/>
    <permission name="com.google.android.gms.cloudsave.BIND_EVENT_BROADCAST"/>
    <permission name="com.google.android.gms.cloudsave.BIND_EVENT_BROADCAST"/>
    <permission name="android.permission.MODIFY_NETWORK_ACCOUNTING"/>
    <permission name="android.permission.READ_MEDIA_AUDIO"/>
    <permission name="android.permission.READ_MEDIA_IMAGES"/>
    <permission name="android.permission.READ_MEDIA_VIDEO"/>
    <permission name="android.permission.ACCESS_MEDIA_LOCATION"/>
    <permission name="android.permission.FOREGROUND_SERVICE_DATA_SYNC"/>
    <permission name="android.permission.INTENT_FILTER_VERIFICATION_AGENT"/>
    <permission name="android.permission.DOMAIN_VERIFICATION_AGENT"/>
    <permission name="android.permission.LOCAL_MAC_ADDRESS"/>
    <permission name="android.permission.ACCESS_BROADCAST_RESPONSE_STATS"/>
    <permission name="android.permission.CHANGE_DEVICE_IDLE_TEMP_WHITELIST"/>
    <permission name="android.permission.INTERACT_ACROSS_USERS"/>
    <permission name="android.permission.SET_LOW_POWER_STANDBY_PORTS"/>
    <permission name="android.permission.SCHEDULE_PRIORITIZED_ALARM"/>
    <permission name="com.google.android.apps.nest.CAST_AUTH_SERVICE"/>
    <permission name="android.permission.READ_WIFI_CREDENTIAL"/>
    <permission name="com.google.android.gms.smartdevice.permission.NOTIFY_QUICK_START_STATUS"/>
    <permission name="com.google.android.gms.smartdevice.permission.NOTIFY_QUICK_START_STATUS"/>
    <permission name="android.permission.FOREGROUND_SERVICE_CONNECTED_DEVICE"/>
    <permission name="com.google.android.setupwizard.READ_DEVICE_ORIGIN_FIRST_PARTY"/>
    <permission name="com.google.android.setupwizard.WRITE_DEVICE_ORIGIN"/>
    <permission name="com.google.android.setupwizard.pairing.NEARBY_BACKUP_SERVICE"/>
    <permission name="com.google.android.gms.chimera.permission.QUERY_MODULES"/>
    <permission name="android.permission.MODIFY_AUDIO_SETTINGS"/>
    <permission name="android.permission.WRITE_CALL_LOG"/>
    <permission name="com.google.android.gms.contextmanager.CONTEXT_MANAGER_RESTARTED_BROADCAST"/>
    <permission name="com.google.android.gms.contextmanager.CONTEXT_MANAGER_RESTARTED_BROADCAST"/>
    <permission name="com.google.android.gms.permission.ACTIVITY_RECOGNITION"/>
    <permission name="android.permission.ACTIVITY_RECOGNITION"/>
    <permission name="android.permission.MANAGE_SUBSCRIPTION_PLANS"/>
    <permission name="com.google.android.gms.permission.PHENOTYPE_UPDATE_BROADCAST"/>
    <permission name="com.google.android.gms.permission.PHENOTYPE_UPDATE_BROADCAST"/>
    <permission name="com.google.android.gms.permission.PHENOTYPE_OVERRIDE_FLAGS"/>
    <permission name="com.google.android.gms.permission.PHENOTYPE_OVERRIDE_FLAGS"/>
    <permission name="android.permission.READ_DEVICE_CONFIG"/>
    <permission name="android.permission.WRITE_DEVICE_CONFIG"/>
    <permission name="com.google.android.apps.now.OPT_IN_WIZARD"/>
    <permission name="com.google.android.gms.permission.GROWTH"/>
    <permission name="com.google.android.gms.permission.GROWTH"/>
    <permission name="com.google.android.gms.permission.BIOAUTH_CONSENT"/>
    <permission name="com.google.android.gms.permission.BIOAUTH_CONSENT"/>
    <permission name="com.google.android.setupwizard.SETUP_COMPAT_SERVICE"/>
    <permission name="android.permission.MANAGE_TIME_AND_ZONE_DETECTION"/>
    <permission name="android.permission.EMERGENCY_INSTALL_PACKAGES"/>
    <permission name="android.permission.MANAGE_ROLLBACKS"/>
    <permission name="android.permission.REQUEST_DELETE_PACKAGES"/>
    <permission name="com.google.android.gms.locationsharingreporter.periodic.STATUS_UPDATE"/>
    <permission name="com.google.android.gms.locationsharingreporter.periodic.STATUS_UPDATE"/>
    <permission name="com.google.android.gms.findmydevice.spot.permission.DEVICE_CHANGES"/>
    <permission name="com.google.android.gms.findmydevice.spot.permission.DEVICE_CHANGES"/>
    <permission name="com.google.android.gms.dck.permission.DIGITAL_KEY_PRIVILEGED"/>
    <permission name="com.google.android.gms.dck.permission.DIGITAL_KEY_PRIVILEGED"/>
    <permission name="com.google.android.gms.dck.permission.DIGITAL_KEY_READ"/>
    <permission name="com.google.android.gms.dck.permission.DIGITAL_KEY_WRITE"/>
    <permission name="com.google.android.gms.dck.permission.SE_APPLET_NOTIFICATION"/>
    <permission name="com.android.vending.APP_ERRORS_SERVICE"/>
    <permission name="com.android.vending.APP_ERRORS_SERVICE"/>
    <permission name="android.permission.UPDATE_FONTS"/>
    <permission name="com.google.android.finsky.permission.DEVELOPER_GROUP_ID_INFO"/>
    <permission name="com.google.android.gms.home.matter.BIND_MATTER_COMMISSIONING_SERVICE"/>
    <permission name="com.google.android.gms.home.matter.BIND_MATTER_COMMISSIONING_SERVICE"/>
    <permission name="android.permission.LAUNCH_MULTI_PANE_SETTINGS_DEEP_LINK"/>
    <permission name="com.google.android.gms.presencemanager.permission.PRESENCE_MANAGER_UPDATE_BROADCAST"/>
    <permission name="com.google.android.gms.presencemanager.permission.PRESENCE_MANAGER_UPDATE_BROADCAST"/>
    <permission name="android.permission.MEDIA_CONTENT_CONTROL"/>
    <permission name="android.permission.SEND_SAFETY_CENTER_UPDATE"/>
    <permission name="android.permission.FOREGROUND_SERVICE_SYSTEM_EXEMPTED"/>
    <permission name="com.google.android.apps.nest.DOCK_MANAGER_SERVICE"/>
    <permission name="android.permission.FOREGROUND_SERVICE_MICROPHONE"/>
    <permission name="android.permission.CALL_AUDIO_INTERCEPTION"/>
    <permission name="android.permission.THREAD_NETWORK_PRIVILEGED"/>
    <permission name="android.permission.WRITE_VERIFICATION_STATE_E2EE_CONTACT_KEYS"/>
    <permission name="android.permission.SATELLITE_COMMUNICATION"/>
    <permission name="android.permission.PROVIDE_DEFAULT_ENABLED_CREDENTIAL_SERVICE"/>
    <permission name="android.permission.PROVIDE_REMOTE_CREDENTIALS"/>
    <permission name="com.google.android.gms.auth.authzen.permission.DEVICE_SYNC_FINISHED"/>
    <permission name="com.google.android.gms.auth.authzen.permission.GCM_DEVICE_PROXIMITY"/>
    <permission name="com.google.android.gms.auth.authzen.permission.KEY_REGISTRATION_FINISHED"/>
    <permission name="com.google.android.gms.auth.authzen.permission.GCM_DEVICE_PROXIMITY"/>
    <permission name="com.google.android.gms.auth.authzen.permission.KEY_REGISTRATION_FINISHED"/>
    <permission name="android.permission.READ_NEARBY_STREAMING_POLICY"/>
    <permission name="android.permission.BACKUP"/>
    <permission name="com.android.vending.setup.PLAY_SETUP_SERVICE"/>
    <permission name="com.google.android.gms.learning.permission.LAUNCH_IN_APP_PROXY"/>
    <permission name="com.google.android.gms.learning.permission.LAUNCH_IN_APP_PROXY"/>
    <permission name="com.google.android.gms.permission.CAR_FUEL"/>
    <permission name="com.google.android.gms.permission.CAR_MILEAGE"/>
    <permission name="com.google.android.gms.permission.CAR_SPEED"/>
    <permission name="com.google.android.gms.permission.CAR_VENDOR_EXTENSION"/>
    <permission name="android.permission.NOTIFY_PENDING_SYSTEM_UPDATE"/>
    <permission name="com.google.android.gms.chimera.permission.CONFIG_CHANGE"/>
    <permission name="com.google.android.gms.chimera.permission.CONFIG_CHANGE"/>
    <permission name="android.permission.NFC_TRANSACTION_EVENT"/>
    <permission name="com.google.android.gms.DRIVE"/>
    <permission name="com.google.android.gms.DRIVE"/>
    <permission name="com.google.android.permission.USE_GRIL"/>
    <permission name="com.google.firebase.auth.api.gms.permission.LAUNCH_FEDERATED_SIGN_IN"/>
    <permission name="com.google.firebase.auth.api.gms.permission.LAUNCH_FEDERATED_SIGN_IN"/>
    <permission name="android.permission.BODY_SENSORS"/>
    <permission name="com.google.android.gms.game.notifications.permission.WRITE"/>
    <permission name="com.google.android.gms.permission.C2D_MESSAGE"/>
    <permission name="com.google.android.gms.permission.BIND_NETWORK_TASK_SERVICE"/>
    <permission name="com.google.android.gms.permission.C2D_MESSAGE"/>
    <permission name="com.google.android.gms.permission.BIND_NETWORK_TASK_SERVICE"/>
    <permission name="com.google.android.gms.permission.BROADCAST_TO_GOOGLEHELP"/>
    <permission name="com.google.android.gms.permission.BROADCAST_TO_GOOGLEHELP"/>
    <permission name="com.google.android.launcher.permission.RECEIVE_LAUNCH_BROADCASTS"/>
    <permission name="com.google.android.gms.permission.ACTIVITY_RECOGNITION"/>
    <permission name="android.permission.HIGH_SAMPLING_RATE_SENSORS"/>
    <permission name="com.google.android.gms.matchstick.permission.BROADCAST_LIGHTER_WEB_INFO"/>
    <permission name="com.google.android.gms.matchstick.permission.BROADCAST_LIGHTER_WEB_INFO"/>
    <permission name="com.google.android.gms.auth.api.signin.permission.REVOCATION_NOTIFICATION"/>
    <permission name="com.google.android.gms.auth.api.signin.permission.REVOCATION_NOTIFICATION"/>
    <permission name="com.google.android.gms.WRITE_VERIFY_APPS_CONSENT"/>
    <permission name="com.google.android.vending.verifier.ACCESS_VERIFIER"/>
    <permission name="android.permission.RESET_PASSWORD"/>
    <permission name="android.permission.LOCK_DEVICE"/>
    <permission name="android.permission.CONTROL_KEYGUARD_SECURE_NOTIFICATIONS"/>
    <permission name="android.permission.HIDE_NON_SYSTEM_OVERLAY_WINDOWS"/>
    <permission name="com.google.android.gms.permission.SEND_ANDROID_PAY_DATA"/>
    <permission name="com.google.android.gms.permission.SHOW_TRANSACTION_RECEIPT"/>
    <permission name="com.google.android.gms.permission.REPORT_TAP"/>
    <permission name="com.google.android.gms.permission.SHOW_PAYMENT_CARD_DETAILS"/>
    <permission name="com.google.android.gms.permission.READ_VALUABLES_IMAGES"/>
    <permission name="com.google.android.gms.permission.SHOW_WARM_WELCOME_TAPANDPAY_APP"/>
    <permission name="com.google.android.gms.permission.SEND_ANDROID_PAY_DATA"/>
    <permission name="com.google.android.gms.permission.SHOW_TRANSACTION_RECEIPT"/>
    <permission name="com.google.android.gms.permission.REPORT_TAP"/>
    <permission name="com.google.android.gms.permission.SHOW_PAYMENT_CARD_DETAILS"/>
    <permission name="com.google.android.gms.permission.READ_VALUABLES_IMAGES"/>
    <permission name="com.google.android.gms.permission.SHOW_WARM_WELCOME_TAPANDPAY_APP"/>
    <permission name="com.google.android.gms.permission.BIND_PAYMENTS_CALLBACK_SERVICE"/>
    <permission name="com.google.android.gms.permission.BIND_PAYMENTS_CALLBACK_SERVICE"/>
    <permission name="com.google.android.c2dm.permission.RECEIVE"/>
    <permission name="com.google.android.providers.settings.permission.WRITE_GSETTINGS"/>
    <permission name="com.google.android.gtalkservice.permission.GTALK_SERVICE"/>
    <permission name="com.google.android.providers.gsf.permission.READ_GSERVICES"/>
    <permission name="com.google.android.providers.gsf.permission.WRITE_GSERVICES"/>
    <permission name="com.android.vending.INTENT_VENDING_ONLY"/>
    <permission name="android.permission.ACCESS_CACHE_FILESYSTEM"/>
    <permission name="android.permission.ACCESS_DOWNLOAD_MANAGER"/>
    <permission name="android.permission.ACCESS_DOWNLOAD_MANAGER_ADVANCED"/>
    <permission name="android.permission.BROADCAST_STICKY"/>
    <permission name="android.permission.CHANGE_COMPONENT_ENABLED_STATE"/>
    <permission name="android.permission.CONTROL_KEYGUARD"/>
    <permission name="android.permission.DUMP"/>
    <permission name="android.permission.INVOKE_CARRIER_SETUP"/>
    <permission name="android.permission.MANAGE_USERS"/>
    <permission name="android.permission.MASTER_CLEAR"/>
    <permission name="android.permission.PERSISTENT_ACTIVITY"/>
    <permission name="android.permission.READ_NETWORK_USAGE_HISTORY"/>
    <permission name="android.permission.READ_SYNC_STATS"/>
    <permission name="android.permission.REBOOT"/>
    <permission name="android.permission.SET_TIME"/>
    <permission name="android.permission.STATUS_BAR"/>
    <permission name="android.permission.UPDATE_DEVICE_STATS"/>
    <permission name="android.permission.WRITE_GSERVICES"/>
    <permission name="android.permission.WRITE_SECURE_SETTINGS"/>
    <permission name="com.android.chrome.TOS_ACKED"/>
    <permission name="com.android.vending.billing.BILLING_ACCOUNT_SERVICE"/>
    <permission name="com.android.vending.billing.ADD_CREDIT_CARD"/>
    <permission name="com.android.vending.billing.IBillingAccountService.BIND2"/>
    <permission name="com.android.vending.TOS_ACKED"/>
    <permission name="com.google.android.c2dm.permission.SEND"/>
    <permission name="com.google.android.c2dm.permission.RECEIVE"/>
    <permission name="com.google.android.googleapps.permission.ACCESS_GOOGLE_PASSWORD"/>
    <permission name="com.google.android.googleapps.permission.GOOGLE_AUTH"/>
    <permission name="com.google.android.googleapps.permission.GOOGLE_AUTH.ALL_SERVICES"/>
    <permission name="com.google.android.googleapps.permission.GOOGLE_AUTH.YouTubeUser"/>
    <permission name="com.google.android.googleapps.permission.GOOGLE_AUTH.mail"/>
    <permission name="com.google.android.googleapps.permission.GOOGLE_AUTH.youtube"/>
    <permission name="com.google.android.googleapps.permission.GOOGLE_MAIL_SWITCH"/>
    <permission name="com.google.android.gsf.subscribedfeeds.permission.C2D_MESSAGE"/>
    <permission name="com.google.android.gsf.permission.C2D_MESSAGE"/>
    <permission name="com.google.android.gtalkservice.permission.GTALK_SERVICE"/>
    <permission name="com.google.android.gtalkservice.permission.SEND_HEARTBEAT"/>
    <permission name="com.google.android.permission.BROADCAST_DATA_MESSAGE"/>
    <permission name="com.google.android.providers.gsf.permission.WRITE_GSERVICES"/>
    <permission name="com.google.android.xmpp.permission.BROADCAST"/>
    <permission name="com.google.android.xmpp.permission.XMPP_ENDPOINT_BROADCAST"/>
  </privapp-permissions>
</permissions>
