<?xml version="1.0" encoding="utf-8"?>
<!-- System packages to preinstall on Pixel 2019-and-newer devices, per user type.
     Documentation at frameworks/base/data/etc/preinstalled-packages-platform.xml
-->
<config>
    <!--  Recorder  -->
    <install-in-user-type package="com.google.android.apps.recorder">
        <install-in user-type="FULL" />
        <install-in user-type="PROFILE" />
        <do-not-install-in user-type="android.os.usertype.profile.CLONE" />
        <do-not-install-in user-type="android.os.usertype.profile.PRIVATE" />
    </install-in-user-type>

    <!--  YouTube Music  -->
    <install-in-user-type package="com.google.android.apps.youtube.music">
        <install-in user-type="FULL" />
        <install-in user-type="PROFILE" />
        <do-not-install-in user-type="android.os.usertype.profile.CLONE" />
        <do-not-install-in user-type="android.os.usertype.profile.PRIVATE" />
    </install-in-user-type>
</config>
