<?xml version="1.0" encoding="utf-8"?>
<!-- System packages to preinstall, per user type,
     Documentation at frameworks/base/data/etc/preinstalled-packages-platform.xml
-->
<config>
    <install-in-user-type package="com.google.android.apps.tycho">
        <install-in user-type="FULL" />
        <install-in user-type="PROFILE" />
    </install-in-user-type>
    <install-in-user-type package="com.google.android.apps.youtube.kids">
        <install-in user-type="FULL" />
    </install-in-user-type>
    <install-in-user-type package="com.google.android.apps.books">
        <install-in user-type="FULL" />
    </install-in-user-type>
    <install-in-user-type package="com.google.android.keep">
        <install-in user-type="FULL" />
    </install-in-user-type>
    <install-in-user-type package="com.google.android.apps.kids.home">
        <install-in user-type="FULL" />
    </install-in-user-type>
    <install-in-user-type package="com.android.frameworks.core.batterystatsviewer">
        <install-in user-type="FULL" />
    </install-in-user-type>
    <install-in-user-type package="com.android.jabara_terminal">
        <install-in user-type="FULL" />
    </install-in-user-type>
    <install-in-user-type package="com.google.pixel.livewallpaper">
        <install-in user-type="FULL" />
    </install-in-user-type>
    <install-in-user-type package="com.google.android.apps.emojiwallpaper">
        <install-in user-type="FULL" />
    </install-in-user-type>
    <install-in-user-type package="com.google.android.apps.wallpaper.pixel">
        <install-in user-type="FULL" />
    </install-in-user-type>
    <install-in-user-type package="com.google.android.wallpaper.effects">
        <install-in user-type="FULL" />
    </install-in-user-type>
   <install-in-user-type package="com.google.android.googlequicksearchbox.nga_resources">
        <install-in user-type="FULL" />
        <install-in user-type="PROFILE" />
        <do-not-install-in user-type="android.os.usertype.profile.CLONE" />
        <do-not-install-in user-type="android.os.usertype.profile.PRIVATE" />
    </install-in-user-type>
    <install-in-user-type package="com.google.android.docksetup">
        <install-in user-type="FULL" />
        <install-in user-type="PROFILE" />
    </install-in-user-type>
    <install-in-user-type package="com.android.htmlviewer">
        <install-in user-type="FULL" />
        <install-in user-type="PROFILE" />
    </install-in-user-type>
        <install-in-user-type package="com.android.providers.downloads">
        <install-in user-type="SYSTEM" />
        <install-in user-type="FULL" />
        <install-in user-type="PROFILE" />
    </install-in-user-type>
    <install-in-user-type package="com.google.android.health.connect.backuprestore">
        <install-in user-type="FULL" />
        <install-in user-type="PROFILE" />
    </install-in-user-type>
    <install-in-user-type package="com.android.systemui.plugin.globalactions.wallet">
        <install-in user-type="FULL" />
        <install-in user-type="PROFILE" />
    </install-in-user-type>
   <install-in-user-type package="com.android.providers.downloads.ui">
        <install-in user-type="FULL" />
        <install-in user-type="PROFILE" />
    </install-in-user-type>
    <install-in-user-type package="com.google.android.pixel.setupwizard">
        <install-in user-type="FULL" />
        <install-in user-type="PROFILE" />
    </install-in-user-type>
    <install-in-user-type package="com.android.mtp">
        <install-in user-type="FULL" />
        <install-in user-type="PROFILE" />
    </install-in-user-type>
    <install-in-user-type package="com.google.android.apps.retaildemo.preload">
        <install-in user-type="FULL" />
        <install-in user-type="PROFILE" />
    </install-in-user-type>
        <install-in-user-type package="com.google.android.apps.nest.castauth">
        <install-in user-type="SYSTEM" />
        <install-in user-type="FULL" />
    </install-in-user-type>
    <install-in-user-type package="com.google.android.networkstack.tethering">
        <install-in user-type="SYSTEM" />
        <install-in user-type="FULL" />
    </install-in-user-type>
    <install-in-user-type package="com.google.android.apps.mediashell">
        <install-in user-type="SYSTEM" />
        <install-in user-type="FULL" />
    </install-in-user-type>
    <install-in-user-type package="com.android.providers.telephony">
        <install-in user-type="SYSTEM" />
        <install-in user-type="FULL" />
        <install-in user-type="PROFILE" />
    </install-in-user-type>
    <install-in-user-type package="com.google.android.carrierlocation">
        <install-in user-type="SYSTEM" />
        <install-in user-type="FULL" />
        <install-in user-type="PROFILE" />
    </install-in-user-type>
    <install-in-user-type package="com.google.android.cellbroadcastservice">
        <install-in user-type="SYSTEM" />
        <install-in user-type="FULL" />
        <install-in user-type="PROFILE" />
    </install-in-user-type>
    <install-in-user-type package="com.android.providers.calendar">
        <install-in user-type="SYSTEM" />
        <install-in user-type="FULL" />
        <install-in user-type="PROFILE" />
    </install-in-user-type>
    <install-in-user-type package="com.android.providers.media">
        <install-in user-type="SYSTEM" />
        <install-in user-type="FULL" />
        <install-in user-type="PROFILE" />
    </install-in-user-type>
    <install-in-user-type package="com.android.mms.service">
        <install-in user-type="SYSTEM" />
        <install-in user-type="FULL" />
        <install-in user-type="PROFILE" />
    </install-in-user-type>
    <!-- Preinstallation config corresponding to the Thermometer app-->
    <install-in-user-type package="com.google.android.apps.pixel.health">
        <install-in user-type="FULL" />
        <install-in user-type="PROFILE" />
        <do-not-install-in user-type="android.os.usertype.profile.CLONE" />
        <do-not-install-in user-type="android.os.usertype.profile.PRIVATE" />
    </install-in-user-type>
</config>
